id;name;identification;email;phone
1;uh-huh woeful toward;modulo;Candice_Strosin19@gmail.com;201-529-4955
2;regularly;midst;Bettie_Nikolaus@gmail.com;866-808-8875 x6315
3;decisive;meanwhile;Dianna_Morar@yahoo.com;1-821-307-2366 x9595
4;rubric uproot;buzzing;Alex.Jacobs@yahoo.com;1-483-923-1531
5;outside neck beneath;scientific above;Orland_Reichert88@yahoo.com;(980) 284-6261
6;bell wherever;naturally;Maria_Cremin-Reichert30@gmail.com;(356) 404-6204 x6747
7;costume rarely wherever;redress;Robyn.Berge@gmail.com;1-410-743-0556 x3419
8;tuba er sizzle;on aha jovially;Nathaniel.Kris13@gmail.com;1-540-849-3039 x1053
9;stupendous;minister for uh-huh;Pierre_Heathcote@hotmail.com;919.583.6573 x391
10;shipper wisely our;stabilise whoever;Quinn_Dickinson5@gmail.com;793.536.9580 x806
